index,tbl,idx,neq,nlt,ndlt,sample
0,EditorBoard,sqlite_autoindex_EditorBoard_1,137 11 1 1 1 1,0 115 118 118 118 118,0 28 118 118 118 118,b'\x07\x13\x01\x11\x0f\x02\x02AERh121\x12\x0b\x03C'
1,EditorBoard,sqlite_autoindex_EditorBoard_1,341 8 1 1 1 1,137 241 244 244 244 244,1 55 244 244 244 244,b'\x07\x13\x01\x0f\x0f\x02\x02ECN-41\x07\x10\x01y'
2,EditorBoard,sqlite_autoindex_EditorBoard_1,1156 6 1 1 1 1,478 484 489 489 489 489,2 95 489 489 489 489,b'\x07\x13\x01\x0f\x0f\x02\x02JPEJ61\x08J\x06g'
3,EditorBoard,sqlite_autoindex_EditorBoard_1,1156 24 4 4 1 1,478 721 733 733 734 734,2 110 577 578 734 734,b'\x07\x13\x01\x0f\x0f\x02\x02JPEY41\tG\x06\xb4'
4,EditorBoard,sqlite_autoindex_EditorBoard_1,1156 32 6 6 1 1,478 769 789 789 794 794,2 112 590 591 794 794,b'\x07\x13\x01\x0f\x0f\x02\x02JPE[51\x18\x89\x07\n'
5,EditorBoard,sqlite_autoindex_EditorBoard_1,1156 30 5 5 1 1,478 927 937 937 941 941,2 118 624 625 941 941,b'\x07\x13\x01\x0f\x0f\x02\x02JPEa31\x19\xc0\x07\x90'
6,EditorBoard,sqlite_autoindex_EditorBoard_1,1156 25 4 4 1 1,478 957 978 978 979 979,2 119 633 634 979 979,b'\x07\x13\x01\x0f\x0f\x02\x02JPEb61\x14\xa9\x08X'
7,EditorBoard,sqlite_autoindex_EditorBoard_1,1156 30 5 5 1 1,478 1057 1072 1072 1076 1076,2 123 655 656 1076 1076,b'\x07\x13\x01\x0f\x0f\x02\x02JPEf41\x19\xc0\x07\x92'
8,EditorBoard,sqlite_autoindex_EditorBoard_1,1156 29 5 5 1 1,478 1087 1106 1106 1110 1110,2 124 662 663 1110 1110,b'\x07\x13\x01\x0f\x0f\x02\x02JPEg51\x19\xc0\x07\x96'
9,EditorBoard,sqlite_autoindex_EditorBoard_1,1156 35 5 5 1 1,478 1189 1214 1214 1218 1218,2 128 687 688 1218 1218,b'\x07\x13\x01\x0f\x0f\x02\x02JPEk61\x19\xc0\x05\x85'
10,EditorBoard,sqlite_autoindex_EditorBoard_1,1156 30 5 5 1 1,478 1224 1224 1224 1224 1224,2 129 689 690 1224 1224,b'\x07\x13\x01\x0f\x0f\x02\x02JPEl11\x0b\x04\x05\x88'
11,EditorBoard,sqlite_autoindex_EditorBoard_1,1156 30 5 5 1 1,478 1254 1264 1264 1268 1268,2 130 697 698 1268 1268,b'\x07\x13\x01\x0f\x0f\x02\x02JPEm31\x19\xc0\x05\xb2'
12,EditorBoard,sqlite_autoindex_EditorBoard_1,1156 36 6 6 1 1,478 1284 1314 1314 1319 1319,2 131 706 707 1319 1319,b'\x07\x13\x01\x0f\x0f\x02\x02JPEn61\x19\xc0\x05h'
13,EditorBoard,sqlite_autoindex_EditorBoard_1,1156 42 6 6 1 1,478 1344 1350 1350 1355 1355,2 133 714 715 1355 1355,b'\x07\x13\x01\x0f\x0f\x02\x02JPEp21\x15_\x05\x12'
14,EditorBoard,sqlite_autoindex_EditorBoard_1,1156 30 5 5 1 1,478 1386 1391 1391 1395 1395,2 134 721 722 1395 1395,b'\x07\x13\x01\x0f\x0f\x02\x02JPEq21\x15_\x04\xf2'
15,EditorBoard,sqlite_autoindex_EditorBoard_1,1156 30 5 5 1 1,478 1416 1436 1436 1440 1440,2 135 730 731 1440 1440,b'\x07\x13\x01\x0f\x0f\x02\x02JPEr51\x15_\x04\xc4'
16,EditorBoard,sqlite_autoindex_EditorBoard_1,1156 30 5 5 1 1,478 1446 1466 1466 1469 1469,2 136 736 737 1469 1469,b'\x07\x13\x01\x0f\x0f\x02\x02JPEs51\x13\\\x04\xe5'
17,EditorBoard,sqlite_autoindex_EditorBoard_1,1156 30 5 5 1 1,478 1476 1476 1476 1480 1480,2 137 738 739 1480 1480,b'\x07\x13\x01\x0f\x0f\x02\x02JPEt11\x1a\x9d\x04V'
18,EditorBoard,sqlite_autoindex_EditorBoard_1,1156 30 5 5 1 1,478 1506 1511 1511 1515 1515,2 138 745 746 1515 1515,b'\x07\x13\x01\x0f\x0f\x02\x02JPEu21\x1a\x9d\x04y'
19,EditorBoard,sqlite_autoindex_EditorBoard_1,1156 30 5 5 1 1,478 1536 1561 1561 1565 1565,2 139 755 756 1565 1565,b'\x07\x13\x01\x0f\x0f\x02\x02JPEv61\x1a\x9d\x04\xab'
20,EditorBoard,sqlite_autoindex_EditorBoard_1,1156 36 6 6 1 1,478 1566 1572 1572 1577 1577,2 140 757 758 1577 1577,b'\x07\x13\x01\x0f\x0f\x02\x02JPEw21\x1a\x9d\x049'
21,EditorBoard,sqlite_autoindex_EditorBoard_1,559 24 6 6 1 1,1640 1712 1712 1712 1714 1714,4 155 805 806 1714 1714,"b'\x07\x13\x01\x0f\x0f\x02\x02QJEa11""I\x00\xea'"
22,EditorBoard,sqlite_autoindex_EditorBoard_1,559 30 6 6 1 1,1640 1736 1760 1760 1765 1765,4 156 813 814 1765 1765,"b'\x07\x13\x01!\x0f\x02\x02QJEbSupplement1""M\x03\x92'"
23,EditorBoard,sqlite_autoindex_EditorBoard_1,559 12 3 3 1 1,1640 1948 1957 1957 1959 1959,4 170 870 871 1959 1959,b'\x07\x13\x01\x0f\x0f\x02\x02QJEp41\x10\xc6\x02\xe3'
24,DOICorr,sqlite_autoindex_DOICorr_1,1 1,304 304,304 304,b'\x03)\x0210.1086/378526\x0c\x12'
25,DOICorr,sqlite_autoindex_DOICorr_1,1 1,844 844,844 844,b'\x031\x0210.1093/qje/qjs014\r\xf6'
26,DOICorr,sqlite_autoindex_DOICorr_1,1 1,1516 1516,1516 1516,b'\x03?\x0210.1162/00335530151144104\x10n'
27,DOICorr,sqlite_autoindex_DOICorr_1,1 1,1739 1739,1739 1739,b'\x03;\x0210.1162/003355398555676\x11M'
28,DOICorr,sqlite_autoindex_DOICorr_1,1 1,1897 1897,1897 1897,b'\x03E\x0210.1162/qjec.2008.123.4.1329\x11\xeb'
29,DOICorr,sqlite_autoindex_DOICorr_1,1 1,3228 3228,3228 3228,b'\x037\x0210.1257/aer.104.5.475\x17\x15'
30,DOICorr,sqlite_autoindex_DOICorr_1,1 1,3479 3479,3479 3479,b'\x035\x0210.1257/aer.90.3.407\x17\xba'
31,DOICorr,sqlite_autoindex_DOICorr_1,1 1,5219 5219,5219 5219,b'\x03+\x0210.2307/1885118\x1c\xc0'
32,DOICorr,sqlite_autoindex_DOICorr_1,1 1,6348 6348,6348 6348,b'\x03+\x0210.2307/1912247\x03?'
33,DOICorr,sqlite_autoindex_DOICorr_1,1 1,6786 6786,6786 6786,b'\x03+\x0210.2307/1913474\x02\xe2'
34,DOICorr,sqlite_autoindex_DOICorr_1,1 1,6959 6959,6959 6959,b'\x03+\x0210.2307/1913885\x06\x14'
35,DOICorr,sqlite_autoindex_DOICorr_1,1 1,8699 8699,8699 8699,b'\x03+\x0210.2307/2937755\x1f2'
36,DOICorr,sqlite_autoindex_DOICorr_1,1 1,8885 8885,8885 8885,b'\x03+\x0210.2307/2938238\x01\\'
37,DOICorr,sqlite_autoindex_DOICorr_1,1 1,10104 10104,10104 10104,b'\x03/\x0210.3982/ECTA10601 #'
38,DOICorr,sqlite_autoindex_DOICorr_1,1 1,10439 10439,10439 10439,b'\x03-\x0210.3982/ECTA8953!C'
39,DOICorr,sqlite_autoindex_DOICorr_1,1 1,12100 12100,12100 12100,b'\x03\x19\x022232663['
40,DOICorr,sqlite_autoindex_DOICorr_1,1 1,12179 12179,12179 12179,b'\x03\x19\x022428193\xaa'
41,DOICorr,sqlite_autoindex_DOICorr_1,1 1,12224 12224,12224 12224,b'\x03\x19\x022468418;'
42,DOICorr,sqlite_autoindex_DOICorr_1,1 1,12327 12327,12327 12327,b'\x03\x19\x02264317.\xfd'
43,DOICorr,sqlite_autoindex_DOICorr_1,1 1,12757 12757,12757 12757,b'\x03\x19\x023523588\xdc'
44,DOICorr,sqlite_autoindex_DOICorr_1,1 1,13919 13919,13919 13919,b'\x03\x1b\x025192587!\xc1'
45,DOICorr,sqlite_autoindex_DOICorr_1,1 1,14084 14084,14084 14084,b'\x03\x19\x025349179\x98'
46,DOICorr,sqlite_autoindex_DOICorr_1,1 1,15394 15394,15394 15394,b'\x03\x17\x02918900\xbc'
47,DOICorr,sqlite_autoindex_DOICorr_1,1 1,15398 15398,15398 15398,b'\x03\x17\x02919000\xc0'
48,NBER,sqlite_autoindex_NBER_1,1 1,54 54,54 54,b'\x03\x17\x01w0199\x18'
49,NBER,sqlite_autoindex_NBER_1,1 1,208 208,208 208,b'\x03\x19\x02w10666\x04\x92'
50,NBER,sqlite_autoindex_NBER_1,1 1,239 239,239 239,b'\x03\x19\x02w10963\x04\xae'
51,NBER,sqlite_autoindex_NBER_1,1 1,272 272,272 272,b'\x03\x19\x02w11236\x04\xcd'
52,NBER,sqlite_autoindex_NBER_1,1 1,479 479,479 479,b'\x03\x19\x02w13241\x05\x8e'
53,NBER,sqlite_autoindex_NBER_1,1 1,719 719,719 719,b'\x03\x19\x02w15211\x06k'
54,NBER,sqlite_autoindex_NBER_1,1 1,841 841,841 841,b'\x03\x19\x02w16424\x06\xe0'
55,NBER,sqlite_autoindex_NBER_1,1 1,875 875,875 875,b'\x03\x19\x02w16743\x06\xfd'
56,NBER,sqlite_autoindex_NBER_1,1 1,959 959,959 959,b'\x03\x19\x02w17524\x07J'
57,NBER,sqlite_autoindex_NBER_1,1 1,1013 1013,1013 1013,b'\x03\x19\x02w18017\x07t'
58,NBER,sqlite_autoindex_NBER_1,1 1,1092 1092,1092 1092,b'\x03\x19\x02w18702\x07\xb9'
59,NBER,sqlite_autoindex_NBER_1,1 1,1199 1199,1199 1199,b'\x03\x19\x02w19726\x08\x15'
60,NBER,sqlite_autoindex_NBER_1,1 1,1275 1275,1275 1275,b'\x03\x17\x02w2095\x00\xe5'
61,NBER,sqlite_autoindex_NBER_1,1 1,1309 1309,1309 1309,b'\x03\x17\x02w2374\x01\x01'
62,NBER,sqlite_autoindex_NBER_1,1 1,1352 1352,1352 1352,"b'\x03\x17\x02w2666\x01,'"
63,NBER,sqlite_autoindex_NBER_1,1 1,1409 1409,1409 1409,b'\x03\x17\x02w3147\x01e'
64,NBER,sqlite_autoindex_NBER_1,1 1,1434 1434,1434 1434,b'\x03\x17\x02w3326\x01~'
65,NBER,sqlite_autoindex_NBER_1,1 1,1439 1439,1439 1439,b'\x03\x17\x02w3352\x01\x83'
66,NBER,sqlite_autoindex_NBER_1,1 1,1469 1469,1469 1469,b'\x03\x17\x02w3556\x01\xa1'
67,NBER,sqlite_autoindex_NBER_1,1 1,1679 1679,1679 1679,b'\x03\x17\x02w5213\x02r'
68,NBER,sqlite_autoindex_NBER_1,1 1,1783 1783,1783 1783,b'\x03\x17\x02w6194\x02\xda'
69,NBER,sqlite_autoindex_NBER_1,1 1,1919 1919,1919 1919,b'\x03\x17\x02w7509\x03b'
70,NBER,sqlite_autoindex_NBER_1,1 1,1979 1979,1979 1979,b'\x03\x17\x02w8004\x03\x9e'
71,NBER,sqlite_autoindex_NBER_1,1 1,2011 2011,2011 2011,b'\x03\x17\x02w8350\x03\xbe'
72,InstAlias,sqlite_autoindex_InstAlias_1,16 1 1,0 15 15,0 15 15,"b'\x04\tK\x02Sloan School of Management, MIT\n7'"
73,InstAlias,sqlite_autoindex_InstAlias_1,15 1 1,16 19 19,1 19 19,b'\x04\x01;\x02\x02Harvard Business School\x07\xb6'
74,InstAlias,sqlite_autoindex_InstAlias_1,14 1 1,31 41 41,2 41 41,b'\x04\x011\x02\x03University Chicago\x05\xa3'
75,InstAlias,sqlite_autoindex_InstAlias_1,16 1 1,52 53 53,4 53 53,b'\x04\x01u\x02\x05Center for Advanced Study in the Behavioral Sciences\t\xb2'
76,InstAlias,sqlite_autoindex_InstAlias_1,17 1 1,103 115 115,9 115 115,b'\x04\x01[\x02\nUniversity of California at Los Angeles\x05u'
77,InstAlias,sqlite_autoindex_InstAlias_1,16 1 1,120 124 124,10 124 124,"b'\x04\x01)\x02\x0bU CA, Berkeley\x05b'"
78,InstAlias,sqlite_autoindex_InstAlias_1,6 1 1,337 338 338,42 338 338,b'\x04\x01\x15\x02+U FL\x01\xe8'
79,InstAlias,sqlite_autoindex_InstAlias_1,12 1 1,357 357 357,46 357 357,b'\x04\x01\x13\x02/CGU\x03W'
80,InstAlias,sqlite_autoindex_InstAlias_1,14 1 1,435 444 444,65 444 444,"b'\x04\x01E\x02BHerbert Lehman College, CCNY\x0b\x01'"
81,InstAlias,sqlite_autoindex_InstAlias_1,3 1 1,676 677 677,148 677 677,b'\x04\x027\x02\x00\x96U.S. Airforce Academy\x06\xec'
82,InstAlias,sqlite_autoindex_InstAlias_1,12 1 1,721 730 730,167 730 730,b'\x04\x02\x1b\x02\x00\xa9STICERD\x04#'
83,InstAlias,sqlite_autoindex_InstAlias_1,21 1 1,766 777 777,173 777 777,b'\x04\x02\x19\x02\x00\xafOxford\x08I'
84,InstAlias,sqlite_autoindex_InstAlias_1,12 1 1,901 911 911,217 911 911,b'\x04\x02;\x02\x00\xdbUniversit\xc3\xa9 de Montreal\x08M'
85,InstAlias,sqlite_autoindex_InstAlias_1,33 1 1,989 1016 1016,245 1016 1016,b'\x04\x02?\x02\x00\xf7Paris School of Economics\x01O'
86,InstAlias,sqlite_autoindex_InstAlias_1,35 1 1,1028 1062 1062,247 1062 1062,"b'\x04\x02c\x02\x00\xf9Universit\xc3\xa9 des Sciences Sociales, Toulouse\x06\xb7'"
87,InstAlias,sqlite_autoindex_InstAlias_1,13 1 1,1096 1102 1102,253 1102 1102,"b""\x04\x02'\x02\x00\xffIGIER Bocconi\x07V"""
88,InstAlias,sqlite_autoindex_InstAlias_1,20 1 1,1155 1166 1166,262 1166 1166,b'\x04\x027\x02\x01\x08University of Paris 1\x01L'
89,InstAlias,sqlite_autoindex_InstAlias_1,13 1 1,1192 1198 1198,267 1198 1198,b'\x04\x02k\x02\x01\rCentre for Operations Research and Econometrics\x01\xd3'
90,InstAlias,sqlite_autoindex_InstAlias_1,4 1 1,1353 1355 1355,302 1355 1355,b'\x04\x02\x1b\x02\x010U Rome \x0b\xaf'
91,InstAlias,sqlite_autoindex_InstAlias_1,2 1 1,1694 1694 1694,394 1694 1694,b'\x04\x02!\x02\x01\x8cU Duisburg\x01\xe2'
92,InstAlias,sqlite_autoindex_InstAlias_1,7 1 1,2030 2033 2033,501 2033 2033,b'\x04\x02[\x02\x01\xf8Center for Economic and Policy Research\x03\x05'
93,InstAlias,sqlite_autoindex_InstAlias_1,14 1 1,2055 2062 2062,509 2062 2062,b'\x04\x02K\x02\x02\x00Institute for Economic Analysis\x02\xc2'
94,InstAlias,sqlite_autoindex_InstAlias_1,27 1 1,2356 2372 2372,614 2372 2372,b'\x04\x02M\x02\x02iFederal Reserve Bank of St Louis\x0b\x92'
95,InstAlias,sqlite_autoindex_InstAlias_1,2 1 1,2710 2711 2711,800 2711 2711,b'\x04\x029\x02\x03(Statistics Netherlands\t4'
96,NBERStat,sqlite_autoindex_NBERStat_1,11 1 1,2090 2098 2098,190 2098 2098,b'\x04\x19!\x02w10514smog_score1~'
97,NBERStat,sqlite_autoindex_NBERStat_1,11 1 1,2629 2638 2638,239 2638 2638,b'\x04\x19!\x02w10963sybl_count3t'
98,NBERStat,sqlite_autoindex_NBERStat_1,11 1 1,3443 3452 3452,313 3452 3452,b'\x04\x19!\x02w11680sybl_count6v'
99,NBERStat,sqlite_autoindex_NBERStat_1,11 1 1,3454 3463 3463,314 3463 3463,b'\x04\x19!\x02w11689sybl_count6\x81'
100,NBERStat,sqlite_autoindex_NBERStat_1,11 1 1,3762 3765 3765,342 3765 3765,b'\x04\x193\x02w11904fleschkincaid_score7\x99'
101,NBERStat,sqlite_autoindex_NBERStat_1,11 1 1,3872 3881 3881,352 3881 3881,b'\x04\x19!\x02w12022sybl_count8\x02'
102,NBERStat,sqlite_autoindex_NBERStat_1,11 1 1,3905 3910 3910,355 3910 3910,b'\x04\x191\x02w12033notdalechall_count8$'
103,NBERStat,sqlite_autoindex_NBERStat_1,11 1 1,4598 4606 4606,418 4606 4606,b'\x04\x19!\x02w12671smog_score:\x9a'
104,NBERStat,sqlite_autoindex_NBERStat_1,11 1 1,5269 5277 5277,479 5277 5277,b'\x04\x19!\x02w13241smog_score=\x18'
105,NBERStat,sqlite_autoindex_NBERStat_1,11 1 1,6534 6538 6538,594 6538 6538,b'\x04\x19-\x02w14200gunningfog_scoreA\x9e'
106,NBERStat,sqlite_autoindex_NBERStat_1,11 1 1,6886 6892 6892,626 6892 6892,b'\x04\x191\x02w14517polysyblword_countB\xdf'
107,NBERStat,sqlite_autoindex_NBERStat_1,11 1 1,7777 7777 7777,707 7777 7777,b'\x04\x19!\x02w15129char_countF\x0e'
108,NBERStat,sqlite_autoindex_NBERStat_1,11 1 1,7909 7916 7916,719 7916 7916,b'\x04\x19!\x02w15211sent_countF\x96'
109,NBERStat,sqlite_autoindex_NBERStat_1,11 1 1,9713 9713 9713,883 9713 9713,b'\x04\x17!\x02w1680char_count\x07&'
110,NBERStat,sqlite_autoindex_NBERStat_1,11 1 1,10549 10555 10555,959 10555 10555,b'\x04\x191\x02w17524polysyblword_countP&'
111,NBERStat,sqlite_autoindex_NBERStat_1,11 1 1,11033 11041 11041,1003 11041 11041,b'\x04\x19!\x02w17931smog_scoreQ\x8c'
112,NBERStat,sqlite_autoindex_NBERStat_1,11 1 1,13101 13111 13111,1191 13111 13111,b'\x04\x19!\x02w19601word_countX\xa7'
113,NBERStat,sqlite_autoindex_NBERStat_1,11 1 1,13189 13194 13194,1199 13194 13194,b'\x04\x191\x02w19726notdalechall_countX\xe2'
114,NBERStat,sqlite_autoindex_NBERStat_1,11 1 1,15829 15833 15833,1439 15833 15833,b'\x04\x17-\x02w3352gunningfog_score\x10\x97'
115,NBERStat,sqlite_autoindex_NBERStat_1,11 1 1,18469 18472 18472,1679 18472 18472,b'\x04\x173\x02w5213fleschkincaid_score\x1a\xe5'
116,NBERStat,sqlite_autoindex_NBERStat_1,11 1 1,20889 20890 20890,1899 20890 20890,b'\x04\x17+\x02w7308dalechall_score$V'
117,NBERStat,sqlite_autoindex_NBERStat_1,11 1 1,21109 21111 21111,1919 21111 21111,b'\x04\x17%\x02w7509flesch_score%6'
118,NBERStat,sqlite_autoindex_NBERStat_1,11 1 1,23144 23151 23151,2104 23151 23151,b'\x04\x17!\x02w9360sent_count-&'
119,NBERStat,sqlite_autoindex_NBERStat_1,11 1 1,23155 23163 23163,2105 23163 23163,b'\x04\x17!\x02w9372smog_score-2'
120,AuthorCorr,AuthorCorr_ArticleID_Index,3 1,1928 1929,1234 1929,"b'\x03\x02\x02\x04\xd4,\xf6'"
121,AuthorCorr,AuthorCorr_ArticleID_Index,3 1,3857 3859,2569 3859,b'\x03\x02\x02\n\x0b2\xb1'
122,AuthorCorr,AuthorCorr_ArticleID_Index,6 1,5758 5762,3546 5762,b'\x03\x02\x02\r\xdc\x05\xf8'
123,AuthorCorr,AuthorCorr_ArticleID_Index,3 1,5787 5789,3556 5789,b'\x03\x02\x02\r\xe6\x06\x13'
124,AuthorCorr,AuthorCorr_ArticleID_Index,5 1,5793 5797,3559 5797,b'\x03\x02\x02\r\xe9\x06\x1b'
125,AuthorCorr,AuthorCorr_ArticleID_Index,8 1,5840 5846,3578 5846,b'\x03\x02\x02\r\xfc\x06L'
126,AuthorCorr,AuthorCorr_ArticleID_Index,5 1,5873 5877,3590 5877,b'\x03\x02\x02\x0e\x08\x06k'
127,AuthorCorr,AuthorCorr_ArticleID_Index,6 1,6808 6808,4056 6808,b'\x03\x02\x02\x0f\xda\nH'
128,AuthorCorr,AuthorCorr_ArticleID_Index,2 1,7718 7719,4505 7719,b'\x03\x02\x02\x11\x9b\r\xd7'
129,AuthorCorr,AuthorCorr_ArticleID_Index,5 1,7826 7826,4552 7826,b'\x03\x02\x02\x11\xca\x0eB'
130,AuthorCorr,AuthorCorr_ArticleID_Index,6 1,8856 8859,5046 8859,b'\x03\x02\x02\x13\xb8\x12K'
131,AuthorCorr,AuthorCorr_ArticleID_Index,6 1,9464 9465,5320 9465,b'\x03\x02\x02\x14\xca\x14\xa9'
132,AuthorCorr,AuthorCorr_ArticleID_Index,5 1,9614 9617,5385 9617,b'\x03\x02\x02\x15\x0b\x15A'
133,AuthorCorr,AuthorCorr_ArticleID_Index,2 1,9649 9649,5400 9649,b'\x03\x02\x02\x15\x1a\x15a'
134,AuthorCorr,AuthorCorr_ArticleID_Index,9 1,9658 9661,5404 9661,b'\x03\x02\x02\x15\x1e\x15m'
135,AuthorCorr,AuthorCorr_ArticleID_Index,5 1,9722 9722,5428 9722,b'\x03\x02\x02\x156\x15\xaa'
136,AuthorCorr,AuthorCorr_ArticleID_Index,7 1,10094 10096,5582 10096,b'\x03\x02\x02\x15\xd0\x17 '
137,AuthorCorr,AuthorCorr_ArticleID_Index,6 1,10212 10216,5636 10216,b'\x03\x02\x02\x16\x06\x17\x98'
138,AuthorCorr,AuthorCorr_ArticleID_Index,6 1,10563 10568,5787 10568,b'\x03\x02\x02\x16\x9d\x18\xf8'
139,AuthorCorr,AuthorCorr_ArticleID_Index,6 1,10948 10951,5950 10951,b'\x03\x02\x02\x17@\x1aw'
140,AuthorCorr,AuthorCorr_ArticleID_Index,3 1,11579 11579,6254 11579,b'\x03\x02\x02\x18p\x1d\xb0'
141,AuthorCorr,AuthorCorr_ArticleID_Index,2 1,13509 13509,7514 13509,b'\x03\x02\x02\x1d\\3\xd7'
142,AuthorCorr,AuthorCorr_ArticleID_Index,2 1,15439 15439,8563 15439,b'\x03\x02\x02!u>\xff'
143,AuthorCorr,AuthorCorr_ArticleID_Index,6 1,16573 16575,9336 16575,b'\x03\x02\x02$z\x1f\xfc'
144,AuthorCorr,AuthorCorr_AuthorID_Index,25 1,205 217,88 217,b'\x03\x01\x02b\x13\xe2'
145,AuthorCorr,AuthorCorr_AuthorID_Index,30 1,447 463,176 463,b'\x03\x02\x02\x00\xbb*-'
146,AuthorCorr,AuthorCorr_AuthorID_Index,35 1,630 640,248 640,b'\x03\x02\x02\x01\x07\x0b\xc1'
147,AuthorCorr,AuthorCorr_AuthorID_Index,25 1,1481 1489,555 1489,b'\x03\x02\x02\x02_!>'
148,AuthorCorr,AuthorCorr_AuthorID_Index,6 1,1926 1929,736 1929,b'\x03\x02\x02\x03-1`'
149,AuthorCorr,AuthorCorr_AuthorID_Index,47 1,2558 2579,1014 2579,b'\x03\x02\x02\x04m\x0c{'
150,AuthorCorr,AuthorCorr_AuthorID_Index,26 1,2685 2710,1051 2710,b'\x03\x02\x02\x04\x97<4'
151,AuthorCorr,AuthorCorr_AuthorID_Index,28 1,3226 3249,1251 3249,b'\x03\x02\x02\x05~=;'
152,AuthorCorr,AuthorCorr_AuthorID_Index,29 1,3605 3609,1360 3609,b'\x03\x02\x02\x05\xf5\x0c\xd0'
153,AuthorCorr,AuthorCorr_AuthorID_Index,2 1,3858 3859,1446 3859,b'\x03\x02\x02\x06S\x18\xb1'
154,AuthorCorr,AuthorCorr_AuthorID_Index,28 1,4502 4527,1690 4527,b'\x03\x02\x02\x07`4\xe6'
155,AuthorCorr,AuthorCorr_AuthorID_Index,2 1,5789 5789,2192 5789,b'\x03\x02\x02\t\x92\r\xe9'
156,AuthorCorr,AuthorCorr_AuthorID_Index,27 1,5813 5813,2198 5813,b'\x03\x02\x01\t\x99\x0e'
157,AuthorCorr,AuthorCorr_AuthorID_Index,45 1,6047 6087,2298 6087,b'\x03\x02\x02\n\x0cB\xdb'
158,AuthorCorr,AuthorCorr_AuthorID_Index,28 1,6507 6508,2454 6508,b'\x03\x02\x02\n\xc9\x02\x91'
159,AuthorCorr,AuthorCorr_AuthorID_Index,6 1,7719 7719,2909 7719,b'\x03\x02\x02\x0c\xd3\x10\x86'
160,AuthorCorr,AuthorCorr_AuthorID_Index,27 1,8743 8744,3345 8744,b'\x03\x02\x02\x0e\xa8\x00\x9a'
161,AuthorCorr,AuthorCorr_AuthorID_Index,25 1,8890 8891,3390 8891,b'\x03\x02\x02\x0e\xde!\x0f'
162,AuthorCorr,AuthorCorr_AuthorID_Index,2 1,9648 9649,3690 9649,b'\x03\x02\x02\x10&@{'
163,AuthorCorr,AuthorCorr_AuthorID_Index,37 1,10494 10512,4006 10512,b'\x03\x02\x02\x11\x84.\x10'
164,AuthorCorr,AuthorCorr_AuthorID_Index,25 1,11568 11579,4367 11579,b'\x03\x02\x02\x13($\xec'
165,AuthorCorr,AuthorCorr_AuthorID_Index,1 1,13509 13509,5182 13509,b'\x03\x02\x02\x16\xa4\x13\x1f'
166,AuthorCorr,AuthorCorr_AuthorID_Index,24 1,14508 14514,5621 14514,b'\x03\x02\x02\x18\x84*\xec'
167,AuthorCorr,AuthorCorr_AuthorID_Index,4 1,15438 15439,6073 15439,b'\x03\x02\x02\x1a\xa1\n\xfd'
168,AuthorCorr,sqlite_autoindex_AuthorCorr_1,25 1 1,205 222 222,88 222 222,b'\x04\x01\x02\x02b\x15\xa4\x16\xb9'
169,AuthorCorr,sqlite_autoindex_AuthorCorr_1,30 1 1,447 461 461,176 461 461,b'\x04\x02\x02\x02\x00\xbb\x0c\x16\x02-'
170,AuthorCorr,sqlite_autoindex_AuthorCorr_1,35 1 1,630 636 636,248 636 636,b'\x04\x02\x02\x02\x01\x07\x0e\x10\x06\x81'
171,AuthorCorr,sqlite_autoindex_AuthorCorr_1,25 1 1,1481 1486 1486,555 1486 1486,b'\x04\x02\x02\x02\x02_\x0bU\x00\xc2'
172,AuthorCorr,sqlite_autoindex_AuthorCorr_1,6 1 1,1926 1929 1929,736 1929 1929,"b""\x04\x02\x02\x02\x03-\x1dJ'j"""
173,AuthorCorr,sqlite_autoindex_AuthorCorr_1,47 1 1,2558 2567 2567,1014 2567 2567,b'\x04\x02\x02\x02\x04m\r\x15\x04.'
174,AuthorCorr,sqlite_autoindex_AuthorCorr_1,26 1 1,2685 2695 2695,1051 2695 2695,b'\x04\x02\x02\x02\x04\x97\x0f\xb3\t\xf4'
175,AuthorCorr,sqlite_autoindex_AuthorCorr_1,28 1 1,3226 3246 3246,1251 3246 3246,b'\x04\x02\x02\x02\x05~\x0f\\\tO'
176,AuthorCorr,sqlite_autoindex_AuthorCorr_1,29 1 1,3605 3623 3623,1360 3623 3623,"b'\x04\x02\x02\x02\x05\xf5\x19\xf1""d'"
177,AuthorCorr,sqlite_autoindex_AuthorCorr_1,2 1 1,3858 3859 3859,1446 3859 3859,b'\x04\x02\x02\x02\x06S\x16\x82\x18\xb1'
178,AuthorCorr,sqlite_autoindex_AuthorCorr_1,28 1 1,4502 4524 4524,1690 4524 4524,"b""\x04\x02\x02\x02\x07`\x1dZ'\x85"""
179,AuthorCorr,sqlite_autoindex_AuthorCorr_1,2 1 1,5789 5789 5789,2192 5789 5789,b'\x04\x02\x02\x02\t\x92\x11\xa3\r\xe9'
180,AuthorCorr,sqlite_autoindex_AuthorCorr_1,27 1 1,5813 5822 5822,2198 5822 5822,b'\x04\x02\x02\x02\t\x99\x0b\xa3\x01S'
181,AuthorCorr,sqlite_autoindex_AuthorCorr_1,45 1 1,6047 6071 6071,2298 6071 6071,b'\x04\x02\x02\x02\n\x0c\x14\xb5\x14{'
182,AuthorCorr,sqlite_autoindex_AuthorCorr_1,28 1 1,6507 6513 6513,2454 6513 6513,b'\x04\x02\x02\x02\n\xc9\r\xac\x05\x8a'
183,AuthorCorr,sqlite_autoindex_AuthorCorr_1,6 1 1,7719 7719 7719,2909 7719 7719,b'\x04\x02\x02\x02\x0c\xd3\x12\xd9\x10\x86'
184,AuthorCorr,sqlite_autoindex_AuthorCorr_1,27 1 1,8743 8760 8760,3345 8760 8760,b'\x04\x02\x02\x02\x0e\xa8\x1b\x96$\xdd'
185,AuthorCorr,sqlite_autoindex_AuthorCorr_1,25 1 1,8890 8899 8899,3390 8899 8899,b'\x04\x02\x02\x02\x0e\xde\x13\xb8\x12K'
186,AuthorCorr,sqlite_autoindex_AuthorCorr_1,2 1 1,9648 9649 9649,3690 9649 9649,"b'\x04\x02\x02\x02\x10&""s@{'"
187,AuthorCorr,sqlite_autoindex_AuthorCorr_1,37 1 1,10494 10515 10515,4006 10515 10515,b'\x04\x02\x02\x02\x11\x84\x05H0r'
188,AuthorCorr,sqlite_autoindex_AuthorCorr_1,25 1 1,11568 11579 11579,4367 11579 11579,b'\x04\x02\x02\x02\x13(\x19A!u'
189,AuthorCorr,sqlite_autoindex_AuthorCorr_1,1 1 1,13509 13509 13509,5182 13509 13509,b'\x04\x02\x02\x02\x16\xa4\x14\x12\x13\x1f'
190,AuthorCorr,sqlite_autoindex_AuthorCorr_1,24 1 1,14508 14522 14522,5621 14522 14522,b'\x04\x02\x02\x02\x18\x84\x05\x0f*\x94'
191,AuthorCorr,sqlite_autoindex_AuthorCorr_1,4 1 1,15438 15439 15439,6073 15439 15439,b'\x04\x02\x02\x02\x1a\xa1\x0f\x81\t\x95'
192,ReadStat,ReadStat_StatName,9685 1,0 8631,0 8631,b'\x03!\x03char_count\x01r\xe2'
193,ReadStat,ReadStat_StatName,9685 1,9685 11837,1 11837,b'\x03+\x02dalechall_score\\\x80'
194,ReadStat,ReadStat_StatName,9685 1,19370 23675,2 23675,b'\x03%\x03flesch_score\x00\xb8\xfd'
195,ReadStat,ReadStat_StatName,9685 1,29055 35513,3 35513,b'\x033\x03fleschkincaid_score\x01\x15\x7f'
196,ReadStat,ReadStat_StatName,9685 1,38740 47351,4 47351,b'\x03-\x03gunningfog_score\x01r\x05'
197,ReadStat,ReadStat_StatName,9685 1,48425 52058,5 52058,b'\x031\x03notdalechall_count\x00\x9c$'
198,ReadStat,ReadStat_StatName,9685 1,58110 59189,6 59189,b'\x031\x02polysyblword_count.c'
199,ReadStat,ReadStat_StatName,9685 1,67795 71027,7 71027,b'\x03!\x03sent_count\x00\x8a\xeb'
200,ReadStat,ReadStat_StatName,9685 1,77480 82865,8 82865,b'\x03!\x03smog_score\x00\xe7j'
201,ReadStat,ReadStat_StatName,9685 1,87165 94703,9 94703,b'\x03!\x03sybl_count\x01C\xf0'
202,ReadStat,ReadStat_StatName,9685 1,96850 104706,10 104706,b'\x03!\x03word_count\x01Q\x93'
203,ReadStat,ReadStat_ArticleID,11 1,8624 8631,784 8631,b'\x03\x02\x02\x03\x12!\xb8'
204,ReadStat,ReadStat_ArticleID,11 1,11836 11837,1076 11837,b'\x03\x02\x02\x046.>'
205,ReadStat,ReadStat_ArticleID,11 1,16291 16293,1481 16293,b'\x03\x02\x02\x05\xcb?\xa6'
206,ReadStat,ReadStat_ArticleID,11 1,19393 19393,1763 19393,b'\x03\x02\x02\x06\xe5K\xc2'
207,ReadStat,ReadStat_ArticleID,11 1,23672 23675,2152 23675,b'\x03\x02\x02\x08j\\|'
208,ReadStat,ReadStat_ArticleID,11 1,30217 30223,2747 30223,b'\x03\x02\x02\n\xbdv\x10'
209,ReadStat,ReadStat_ArticleID,11 1,35508 35513,3228 35513,b'\x03\x02\x03\x0c\x9e\x00\x8a\xba'
210,ReadStat,ReadStat_ArticleID,11 1,37565 37567,3415 37567,b'\x03\x02\x03\rY\x00\x92\xc0'
211,ReadStat,ReadStat_ArticleID,11 1,39930 39940,3630 39940,b'\x03\x02\x03\x0e0\x00\x9c\x05'
212,ReadStat,ReadStat_ArticleID,11 1,45551 45557,4141 45557,b'\x03\x02\x03\x10/\x00\xb1\xf6'
213,ReadStat,ReadStat_ArticleID,11 1,47344 47351,4304 47351,b'\x03\x02\x03\x10\xd2\x00\xb8\xf8'
214,ReadStat,ReadStat_ArticleID,11 1,59180 59189,5380 59189,b'\x03\x02\x03\x15\x06\x00\xe76'
215,ReadStat,ReadStat_ArticleID,11 1,62733 62740,5703 62740,b'\x03\x02\x03\x16I\x00\xf5\x15'
216,ReadStat,ReadStat_ArticleID,11 1,64691 64691,5881 64691,b'\x03\x02\x03\x16\xfb\x00\xfc\xb4'
217,ReadStat,ReadStat_ArticleID,11 1,65659 65663,5969 65663,b'\x03\x02\x03\x17S\x01\x00\x80'
218,ReadStat,ReadStat_ArticleID,11 1,68255 68257,6205 68257,b'\x03\x02\x03\x18?\x01\n\xa2'
219,ReadStat,ReadStat_ArticleID,11 1,69938 69944,6358 69944,b'\x03\x02\x03\x18\xd8\x01\x119'
220,ReadStat,ReadStat_ArticleID,11 1,71027 71027,6457 71027,b'\x03\x02\x03\x19;\x01\x15t'
221,ReadStat,ReadStat_ArticleID,11 1,72974 72983,6634 72983,b'\x03\x02\x03\x19\xec\x01\x1d\x18'
222,ReadStat,ReadStat_ArticleID,11 1,82863 82865,7533 82865,b'\x03\x02\x03\x1do\x01C\xb2'
223,ReadStat,ReadStat_ArticleID,11 1,90178 90186,8198 90186,b'\x03\x02\x03 \x08\x01`K'
224,ReadStat,ReadStat_ArticleID,11 1,92730 92730,8430 92730,b'\x03\x02\x03 \xf0\x01j;'
225,ReadStat,ReadStat_ArticleID,11 1,94259 94260,8569 94260,b'\x03\x02\x03!{\x01p5'
226,ReadStat,ReadStat_ArticleID,11 1,94699 94703,8609 94703,b'\x03\x02\x03!\xa3\x01q\xf0'
227,ReadStat,sqlite_autoindex_ReadStat_1,11 1 1,1320 1328 1328,120 1328 1328,b'\x04\x01!\x02ysmog_score\x05/'
228,ReadStat,sqlite_autoindex_ReadStat_1,11 1 1,11836 11837 11837,1076 11837 11837,b'\x04\x02+\x02\x046dalechall_score.D'
229,ReadStat,sqlite_autoindex_ReadStat_1,11 1 1,12012 12021 12021,1092 12021 12021,b'\x04\x02!\x02\x04Fsybl_count.\xf6'
230,ReadStat,sqlite_autoindex_ReadStat_1,11 1 1,16060 16061 16061,1460 16061 16061,b'\x04\x02+\x02\x05\xb6dalechall_score>\xc4'
231,ReadStat,sqlite_autoindex_ReadStat_1,11 1 1,23672 23675 23675,2152 23675 23675,b'\x04\x023\x02\x08jfleschkincaid_score\\y'
232,ReadStat,sqlite_autoindex_ReadStat_1,11 1 1,27852 27858 27858,2532 27858 27858,b'\x04\x021\x02\t\xe6polysyblword_countl\xd2'
233,ReadStat,sqlite_autoindex_ReadStat_1,11 1 1,31020 31028 31028,2820 31028 31028,b'\x04\x02!\x02\x0b\x06smog_scorey3'
234,ReadStat,sqlite_autoindex_ReadStat_1,11 1 1,32560 32566 32566,2960 32566 32566,b'\x04\x021\x02\x0b\x92polysyblword_count\x7f6'
235,ReadStat,sqlite_autoindex_ReadStat_1,11 1 1,35508 35513 35513,3228 35513 35513,b'\x04\x021\x03\x0c\x9enotdalechall_count\x00\x8a\xbd'
236,ReadStat,sqlite_autoindex_ReadStat_1,11 1 1,39930 39939 39939,3630 39939 39939,b'\x04\x02!\x03\x0e0sybl_count\x00\x9c\x04'
237,ReadStat,sqlite_autoindex_ReadStat_1,11 1 1,41613 41615 41615,3783 41615 41615,b'\x04\x02%\x03\x0e\xc9flesch_score\x00\xa2\x8f'
238,ReadStat,sqlite_autoindex_ReadStat_1,11 1 1,47344 47351 47351,4304 47351 47351,b'\x04\x02!\x03\x10\xd2sent_count\x00\xb8\xfb'
239,ReadStat,sqlite_autoindex_ReadStat_1,11 1 1,59180 59189 59189,5380 59189 59189,b'\x04\x02!\x03\x15\x06sybl_count\x00\xe76'
240,ReadStat,sqlite_autoindex_ReadStat_1,11 1 1,61864 61870 61870,5624 61870 61870,b'\x04\x021\x03\x15\xfapolysyblword_count\x00\xf1\xae'
241,ReadStat,sqlite_autoindex_ReadStat_1,11 1 1,71027 71027 71027,6457 71027 71027,b'\x04\x02!\x03\x19;char_count\x01\x15x'
242,ReadStat,sqlite_autoindex_ReadStat_1,11 1 1,72666 72666 72666,6606 72666 72666,b'\x04\x02!\x03\x19\xd0char_count\x01\x1b\xdf'
243,ReadStat,sqlite_autoindex_ReadStat_1,11 1 1,75130 75130 75130,6830 75130 75130,b'\x04\x02!\x03\x1a\xb0char_count\x01%\x7f'
244,ReadStat,sqlite_autoindex_ReadStat_1,11 1 1,81147 81148 81148,7377 81148 81148,b'\x04\x02+\x03\x1c\xd3dalechall_score\x01=\x03'
245,ReadStat,sqlite_autoindex_ReadStat_1,11 1 1,81675 81685 81685,7425 81685 81685,b'\x04\x02!\x03\x1d\x03word_count\x01?\x0e'
246,ReadStat,sqlite_autoindex_ReadStat_1,11 1 1,82863 82865 82865,7533 82865 82865,b'\x04\x02%\x03\x1doflesch_score\x01C\xb1'
247,ReadStat,sqlite_autoindex_ReadStat_1,11 1 1,94699 94703 94703,8609 94703 94703,b'\x04\x02-\x03!\xa3gunningfog_score\x01q\xef'
248,ReadStat,sqlite_autoindex_ReadStat_1,11 1 1,101827 101834 101834,9257 101834 101834,b'\x04\x02!\x03$+sent_count\x01\x8d\xce'
249,ReadStat,sqlite_autoindex_ReadStat_1,11 1 1,102421 102430 102430,9311 102430 102430,b'\x04\x02!\x03$asybl_count\x01\x90\x1f'
250,ReadStat,sqlite_autoindex_ReadStat_1,11 1 1,103477 103477 103477,9407 103477 103477,b'\x04\x02!\x03$\xc1char_count\x01\x94:'
251,InstCorr,InstCorr_AuthorID_Index,59 1,258 284,88 284,b'\x03\x01\x02b\x18\xa7'
252,InstCorr,InstCorr_AuthorID_Index,39 1,801 835,248 835,b'\x03\x02\x02\x01\x07O\xf3'
253,InstCorr,InstCorr_AuthorID_Index,2 1,2388 2389,735 2389,"b'\x03\x02\x02\x03,)\x00'"
254,InstCorr,InstCorr_AuthorID_Index,59 1,3151 3184,1014 3184,b'\x03\x02\x02\x04m\x1b\xae'
255,InstCorr,InstCorr_AuthorID_Index,34 1,3299 3300,1051 3300,b'\x03\x02\x02\x04\x97\x08\xa0'
256,InstCorr,InstCorr_AuthorID_Index,49 1,4446 4484,1360 4484,b'\x03\x02\x02\x05\xf5@\xc6'
257,InstCorr,InstCorr_AuthorID_Index,5 1,4778 4779,1442 4779,b'\x03\x02\x02\x06O\x16\xd7'
258,InstCorr,InstCorr_AuthorID_Index,13 1,7164 7169,2162 7169,b'\x03\x02\x02\ts\x1c\xd8'
259,InstCorr,InstCorr_AuthorID_Index,52 1,7279 7326,2198 7326,b'\x03\x02\x02\t\x99H\x94'
260,InstCorr,InstCorr_AuthorID_Index,84 1,7586 7660,2298 7660,b'\x03\x02\x02\n\x0cJ\x1d'
261,InstCorr,InstCorr_AuthorID_Index,44 1,8180 8212,2454 8212,b'\x03\x02\x02\n\xc9+\xaa'
262,InstCorr,InstCorr_AuthorID_Index,33 1,8768 8787,2604 8787,b'\x03\x02\x02\x0b|&\xb3'
263,InstCorr,InstCorr_AuthorID_Index,1 1,9559 9559,2863 9559,b'\x03\x02\x02\x0c\xa0F\x92'
264,InstCorr,InstCorr_AuthorID_Index,33 1,10824 10826,3277 10826,b'\x03\x02\x02\x0e]\x02\xf4'
265,InstCorr,InstCorr_AuthorID_Index,36 1,11232 11261,3390 11261,b'\x03\x02\x02\x0e\xdeK5'
266,InstCorr,InstCorr_AuthorID_Index,43 1,11784 11789,3561 11789,b'\x03\x02\x02\x0f\x9c\x10w'
267,InstCorr,InstCorr_AuthorID_Index,1 1,11949 11949,3605 11949,b'\x03\x02\x02\x0f\xcb \xec'
268,InstCorr,InstCorr_AuthorID_Index,36 1,12997 13028,3923 13028,b'\x03\x02\x02\x11&J\x01'
269,InstCorr,InstCorr_AuthorID_Index,61 1,13320 13337,4006 13337,b'\x03\x02\x02\x11\x84\x0e\xa0'
270,InstCorr,InstCorr_AuthorID_Index,5 1,14336 14339,4283 14339,b'\x03\x02\x02\x12\xc2?.'
271,InstCorr,InstCorr_AuthorID_Index,40 1,15150 15186,4482 15186,b'\x03\x02\x02\x13\xb1JR'
272,InstCorr,InstCorr_AuthorID_Index,2 1,16729 16729,5062 16729,b'\x03\x02\x02\x16\x1e\x01d'
273,InstCorr,InstCorr_AuthorID_Index,39 1,16766 16793,5072 16793,b'\x03\x02\x02\x16)=&'
274,InstCorr,InstCorr_AuthorID_Index,1 1,19119 19119,5957 19119,b'\x03\x02\x02\x1a\rD\x93'
275,InstCorr,InstCorr_ArticleID_Index,2 1,2389 2389,1460 2389,b'\x03\x02\x02\x05\xb6<\xeb'
276,InstCorr,InstCorr_ArticleID_Index,4 1,4778 4779,2850 4779,b'\x03\x02\x02\x0b$\x00\x8b'
277,InstCorr,InstCorr_ArticleID_Index,12 1,6806 6813,3517 6813,b'\x03\x02\x02\r\xbf\x08\xaa'
278,InstCorr,InstCorr_ArticleID_Index,14 1,6926 6939,3546 6939,b'\x03\x02\x02\r\xdc\t('
279,InstCorr,InstCorr_ArticleID_Index,12 1,7062 7071,3578 7071,b'\x03\x02\x02\r\xfc\t\xac'
280,InstCorr,InstCorr_ArticleID_Index,10 1,7126 7134,3592 7134,b'\x03\x02\x02\x0e\n\t\xeb'
281,InstCorr,InstCorr_ArticleID_Index,5 1,7169 7169,3603 7169,b'\x03\x02\x02\x0e\x15\n\x0e'
282,InstCorr,InstCorr_ArticleID_Index,11 1,7195 7199,3610 7199,"b'\x03\x02\x02\x0e\x1c\n,'"
283,InstCorr,InstCorr_ArticleID_Index,2 1,9558 9559,4464 9559,b'\x03\x02\x02\x11r\x13\xb5'
284,InstCorr,InstCorr_ArticleID_Index,10 1,9688 9690,4510 9690,b'\x03\x02\x02\x11\xa0\x148'
285,InstCorr,InstCorr_ArticleID_Index,13 1,10188 10195,4641 10195,b'\x03\x02\x02\x12#\x161'
286,InstCorr,InstCorr_ArticleID_Index,11 1,10494 10495,4732 10495,b'\x03\x02\x02\x12~\x17]'
287,InstCorr,InstCorr_ArticleID_Index,3 1,11948 11949,5307 11949,b'\x03\x02\x02\x14\xbd\x1b\xe7'
288,InstCorr,InstCorr_ArticleID_Index,11 1,11981 11988,5320 11988,b'\x03\x02\x02\x14\xca\x1c\x0e'
289,InstCorr,InstCorr_ArticleID_Index,2 1,14339 14339,6229 14339,"b'\x03\x02\x02\x18W""y'"
290,InstCorr,InstCorr_ArticleID_Index,4 1,16726 16729,7550 16729,"b""\x03\x02\x02\x1d\x80'\x0b"""
291,InstCorr,InstCorr_ArticleID_Index,14 1,18402 18415,8288 18415,b'\x03\x02\x02 b+X'
292,InstCorr,InstCorr_ArticleID_Index,15 1,18921 18925,8471 18925,b'\x03\x02\x02!\x19-V'
293,InstCorr,InstCorr_ArticleID_Index,2 1,19118 19119,8539 19119,b'\x03\x02\x02!].\x18'
294,InstCorr,InstCorr_ArticleID_Index,12 1,19253 19253,8595 19253,b'\x03\x02\x02!\x95.\xa4'
295,InstCorr,InstCorr_ArticleID_Index,10 1,20291 20297,9273 20297,b'\x03\x02\x02$;\x07\xce'
296,InstCorr,InstCorr_ArticleID_Index,12 1,20993 20996,9520 20996,b'\x03\x02\x02%2GV'
297,InstCorr,InstCorr_ArticleID_Index,11 1,21178 21180,9587 21180,b'\x03\x02\x02%uG\xf4'
298,InstCorr,InstCorr_ArticleID_Index,12 1,21296 21304,9617 21304,b'\x03\x02\x02%\x93B\xe0'
299,InstCorr,InstCorr_InstID_Index,785 1,0 284,0 284,b'\x03\t\x02\x1d\x10'
300,InstCorr,InstCorr_InstID_Index,1036 1,785 1165,1 1165,b'\x03\x01\x02\x02\x1b\xc5'
301,InstCorr,InstCorr_InstID_Index,881 1,1821 2389,2 2389,b'\x03\x01\x02\x034Y'
302,InstCorr,InstCorr_InstID_Index,521 1,2702 2903,3 2903,"b'\x03\x01\x02\x04""\xa8'"
303,InstCorr,InstCorr_InstID_Index,707 1,3223 3567,4 3567,b'\x03\x01\x02\x05.\xa0'
304,InstCorr,InstCorr_InstID_Index,477 1,3930 4390,5 4390,b'\x03\x01\x02\x06P\xd6'
305,InstCorr,InstCorr_InstID_Index,463 1,4429 4779,7 4779,b'\x03\x01\x02\x08A\xc4'
306,InstCorr,InstCorr_InstID_Index,373 1,4892 4978,8 4978,b'\x03\x01\x02\t\x15&'
307,InstCorr,InstCorr_InstID_Index,304 1,5265 5336,9 5336,b'\x03\x01\x02\n\x15!'
308,InstCorr,InstCorr_InstID_Index,505 1,5569 5797,10 5797,b'\x03\x01\x02\x0b#\xc1'
309,InstCorr,InstCorr_InstID_Index,202 1,6074 6214,11 6214,b'\x03\x01\x02\x0c:\x1a'
310,InstCorr,InstCorr_InstID_Index,529 1,6276 6334,12 6334,b'\x03\x01\x02\r\x0b\xd8'
311,InstCorr,InstCorr_InstID_Index,279 1,6805 6891,13 6891,b'\x03\x01\x02\x0e\x1f\xd2'
312,InstCorr,InstCorr_InstID_Index,176 1,7084 7169,14 7169,b'\x03\x01\x02\x0f6\xdd'
313,InstCorr,InstCorr_InstID_Index,355 1,7260 7511,15 7511,b'\x03\x01\x02\x105\xf0'
314,InstCorr,InstCorr_InstID_Index,224 1,8055 8118,19 8118,b'\x03\x01\x02\x14 5'
315,InstCorr,InstCorr_InstID_Index,36 1,9538 9559,34 9559,b'\x03\x01\x02#D\x9b'
316,InstCorr,InstCorr_InstID_Index,6 1,11945 11949,166 11949,b'\x03\x02\x02\x00\xa8;\xa7'
317,InstCorr,InstCorr_InstID_Index,329 1,11951 12203,167 12203,b'\x03\x02\x02\x00\xa9:\xe2'
318,InstCorr,InstCorr_InstID_Index,27 1,14336 14339,261 14339,b'\x03\x02\x02\x01\x07\x11\x17'
319,InstCorr,InstCorr_InstID_Index,1701 1,16547 16729,491 16729,b'\x03\x02\x02\x01\xee\x04\xb8'
320,InstCorr,InstCorr_InstID_Index,399 1,18442 18559,501 18559,b'\x03\x02\x02\x01\xf8\nT'
321,InstCorr,InstCorr_InstID_Index,38 1,19089 19119,511 19119,b'\x03\x02\x02\x02\x02*\xbb'
322,InstCorr,InstCorr_InstID_Index,550 1,20011 20116,614 20116,b'\x03\x02\x02\x02i\x0c\x16'
323,InstCorr,sqlite_autoindex_InstCorr_1,2 2 1 1,2389 2389 2389 2389,1460 2252 2389 2389,b'\x05\x02\x02\x01\x02\x05\xb6\x19\xcf\x08<\xeb'
324,InstCorr,sqlite_autoindex_InstCorr_1,4 1 1 1,4778 4779 4779 4779,2850 4367 4779 4779,b'\x05\x02\x02\x01\x02\x0b$\nl\x08\x00\x8b'
325,InstCorr,sqlite_autoindex_InstCorr_1,10 5 1 1,6087 6089 6093 6093,3304 5245 6093 6093,b'\x05\x02\x02\x02\x02\x0c\xea\x0b\xa8\x02i\x05\xaa'
326,InstCorr,sqlite_autoindex_InstCorr_1,12 6 1 1,6806 6812 6817 6817,3517 5698 6817 6817,b'\x05\x02\x02\x02\x02\r\xbf\x13\xb1\x02\x1c\x08\xa9'
327,InstCorr,sqlite_autoindex_InstCorr_1,14 3 1 1,6926 6935 6937 6937,3546 5762 6937 6937,b'\x05\x02\x02\x02\x02\r\xdc\x10M\x01\xee\t&'
328,InstCorr,sqlite_autoindex_InstCorr_1,12 2 1 1,7062 7062 7063 7063,3578 5840 7063 7063,b'\x05\x02\x02\x02\x02\r\xfc\x00\xd7\x01\xee\t\xa4'
329,InstCorr,sqlite_autoindex_InstCorr_1,5 2 1 1,7169 7169 7169 7169,3603 5906 7169 7169,b'\x05\x02\x02\x01\x02\x0e\x15\x01\x1b&\n\x0e'
330,InstCorr,sqlite_autoindex_InstCorr_1,11 4 1 1,7195 7202 7205 7205,3610 5926 7205 7205,b'\x05\x02\x02\x02\x02\x0e\x1c\x11\x03\x01\xfd\n0'
331,InstCorr,sqlite_autoindex_InstCorr_1,2 2 1 1,9558 9558 9559 9559,4464 7643 9559 9559,b'\x05\x02\x01\x02\x02\x11rC\x01\xee\x13\xb5'
332,InstCorr,sqlite_autoindex_InstCorr_1,10 6 1 1,10111 10115 10120 10120,4624 7984 10120 10120,b'\x05\x02\x02\x02\x02\x12\x12\x12D\x02\x02\x15\xe1'
333,InstCorr,sqlite_autoindex_InstCorr_1,13 3 1 1,10188 10195 10197 10197,4641 8030 10197 10197,b'\x05\x02\x02\x02\x02\x12#\x0e]\x01\xf8\x161'
334,InstCorr,sqlite_autoindex_InstCorr_1,11 4 1 1,10494 10497 10500 10500,4732 8238 10500 10500,b'\x05\x02\x02\x02\x02\x12~\x0b\x10\x02\x02\x17_'
335,InstCorr,sqlite_autoindex_InstCorr_1,10 5 1 1,10687 10687 10691 10691,4807 8376 10691 10691,b'\x05\x02\x02\x02\x02\x12\xc9\x06\x8b\x02\xb7\x18\t'
336,InstCorr,sqlite_autoindex_InstCorr_1,3 1 1 1,11948 11949 11949 11949,5307 9436 11949 11949,b'\x05\x02\x02\x01\x02\x14\xbd\x08\x82\x10\x1b\xe7'
337,InstCorr,sqlite_autoindex_InstCorr_1,11 3 1 1,11981 11981 11983 11983,5320 9464 11983 11983,b'\x05\x02\x02\x02\x02\x14\xca\x04\x00\x01o\x1c\x07'
338,InstCorr,sqlite_autoindex_InstCorr_1,2 1 1 1,14339 14339 14339 14339,6229 11527 14339 14339,"b'\x05\x02\x02\x02\x02\x18W\x04\x87\x00\xf4""y'"
339,InstCorr,sqlite_autoindex_InstCorr_1,4 2 1 1,16726 16728 16729 16729,7550 13582 16729 16729,"b""\x05\x02\x02\x02\x02\x1d\x80\x0b9\x00\xa7'\x0b"""
340,InstCorr,sqlite_autoindex_InstCorr_1,14 5 1 1,18402 18411 18415 18415,8288 14884 18415 18415,b'\x05\x02\x02\x02\x02 b\x11y\x02\x1d+X'
341,InstCorr,sqlite_autoindex_InstCorr_1,15 5 1 1,18921 18925 18929 18929,8471 15247 18929 18929,b'\x05\x02\x02\x02\x02!\x19\rU\x027-V'
342,InstCorr,sqlite_autoindex_InstCorr_1,2 1 1 1,19118 19119 19119 19119,8539 15399 19119 19119,b'\x05\x02\x02\x01\x02!]\x10\xb8\x10.\x18'
343,InstCorr,sqlite_autoindex_InstCorr_1,12 4 1 1,19253 19255 19258 19258,8595 15508 19258 19258,b'\x05\x02\x02\x02\x02!\x95\tW\x01\xf8.\xa8'
344,InstCorr,sqlite_autoindex_InstCorr_1,12 7 1 1,20993 20998 21004 21004,9520 17011 21004 21004,b'\x05\x02\x02\x02\x02%2\x12D\x02\x05G]'
345,InstCorr,sqlite_autoindex_InstCorr_1,11 4 1 1,21178 21178 21181 21181,9587 17146 21181 21181,b'\x05\x02\x02\x02\x02%u\x04m\x02\x1cG\xf5'
346,InstCorr,sqlite_autoindex_InstCorr_1,12 4 1 1,21296 21298 21301 21301,9617 17219 21301 21301,b'\x05\x02\x02\x02\x02%\x93\x0eW\x024B\xdd'
347,AuthorAlias,sqlite_autoindex_AuthorAlias_1,3 1 1,559 559 559,510 559 559,b'\x04\x02!\x02\x02.Ben Handel\x1e%'
348,AuthorAlias,sqlite_autoindex_AuthorAlias_1,1 1 1,893 893 893,813 893 893,b'\x04\x029\x02\x03\x87Christopher D. Carroll\x03/'
349,AuthorAlias,sqlite_autoindex_AuthorAlias_1,4 1 1,1599 1601 1601,1469 1601 1601,b'\x04\x02/\x02\x06mErik \xc3\x98 S\xc3\xb8rensen\x1ef'
350,AuthorAlias,sqlite_autoindex_AuthorAlias_1,4 1 1,1709 1709 1709,1564 1709 1709,b'\x04\x02A\x02\x06\xd6Florencio Lopez-de-Silanes\x06\x1f'
351,AuthorAlias,sqlite_autoindex_AuthorAlias_1,1 1 1,1787 1787 1787,1638 1787 1787,b'\x04\x023\x02\x07&Fr\xc3\xa9d\xc3\xa9ric Koessler\x06i'
352,AuthorAlias,sqlite_autoindex_AuthorAlias_1,3 1 1,2326 2326 2326,2127 2326 2326,b'\x04\x02\x1f\x02\tEJ. Porter\x1dM'
353,AuthorAlias,sqlite_autoindex_AuthorAlias_1,4 1 1,2539 2540 2540,2315 2540 2540,b'\x04\x025\x02\n Jean-Pierre H. Dub\xc3\xa9\t\x11'
354,AuthorAlias,sqlite_autoindex_AuthorAlias_1,1 1 1,2681 2681 2681,2436 2681 2681,b'\x04\x02)\x02\n\xb5Joel L. Schrag\t\x8a'
355,AuthorAlias,sqlite_autoindex_AuthorAlias_1,4 1 1,2777 2778 2778,2522 2778 2778,b'\x04\x02)\x02\x0b\x1bJohn K.H. Quah\x1c\xcd'
356,AuthorAlias,sqlite_autoindex_AuthorAlias_1,1 1 1,3575 3575 3575,3248 3575 3575,b'\x04\x027\x02\x0e@Marco J. van der Leij\x0c\xb6'
357,AuthorAlias,sqlite_autoindex_AuthorAlias_1,3 1 1,3969 3969 3969,3619 3969 3969,b'\x04\x027\x02\x0f\xd9Miguel A. Costa-Gomes\x0e)'
358,AuthorAlias,sqlite_autoindex_AuthorAlias_1,5 1 1,4227 4230 4230,3859 4230 4230,b'\x04\x02=\x02\x10\xe2Pierre\xe2\x80\x90Andre Chiappori\x1d\xf1'
359,AuthorAlias,sqlite_autoindex_AuthorAlias_1,4 1 1,4422 4422 4422,4034 4422 4422,"b""\x04\x02'\x02\x11\xa6Peter DeMarzo\x1c\x93"""
360,AuthorAlias,sqlite_autoindex_AuthorAlias_1,1 1 1,4469 4469 4469,4070 4469 4469,b'\x04\x021\x02\x11\xd3Philip J. Grossman\x0f\xed'
361,AuthorAlias,sqlite_autoindex_AuthorAlias_1,4 1 1,4871 4874 4874,4427 4874 4874,b'\x04\x02-\x02\x13orobert w. vishny\x1d\xed'
362,AuthorAlias,sqlite_autoindex_AuthorAlias_1,4 1 1,5294 5294 5294,4823 5294 5294,b'\x04\x02;\x02\x15\x1aStephanie Schmitt-Grohe\x12\xdf'
363,AuthorAlias,sqlite_autoindex_AuthorAlias_1,2 1 1,5363 5363 5363,4884 5363 5363,b'\x04\x02-\x02\x15_Steven D. Levitt\x13\x1d'
364,AuthorAlias,sqlite_autoindex_AuthorAlias_1,2 1 1,6257 6257 6257,5709 6257 6257,b'\x04\x02\x1b\x02\x18\xeeK. Vind\x1e\xec'
365,AuthorAlias,sqlite_autoindex_AuthorAlias_1,4 1 1,6451 6454 6454,5891 6454 6454,"b'\x04\x025\x02\x19\xc0Robert E. Lucas, Jr.\x17\r'"
366,AuthorAlias,sqlite_autoindex_AuthorAlias_1,3 1 1,6838 6838 6838,6251 6838 6838,"b""\x04\x02'\x02\x1b}R. W. Koenker\x1e\xad"""
367,AuthorAlias,sqlite_autoindex_AuthorAlias_1,3 1 1,6914 6914 6914,6319 6914 6914,b'\x04\x02%\x02\x1b\xd2W. W. Cooper\x1e\xfb'
368,AuthorAlias,sqlite_autoindex_AuthorAlias_1,3 1 1,6927 6929 6929,6330 6929 6929,b'\x04\x02/\x02\x1b\xddJacques H. Dr\xc3\xa8ze\x18\xc5'
369,AuthorAlias,sqlite_autoindex_AuthorAlias_1,4 1 1,7095 7095 7095,6485 7095 7095,b'\x04\x02+\x02\x1c\x94Nabil Al-Najjar\x1c\xad'
370,AuthorAlias,sqlite_autoindex_AuthorAlias_1,2 1 1,7150 7151 7151,6534 7151 7151,b'\x04\x02)\x02\x1c\xccDavid J. Gates\x19\x91'
371,Author,Author_Sex_Index,949 1,0 822,0 822,b'\x03\x08\x02\x1b '
372,Author,Author_Sex_Index,6452 1,949 1645,1 1645,b'\x03\t\x02\x03\xa7'
373,Author,Author_Sex_Index,6452 1,949 2468,1 2468,b'\x03\t\x02\x07\xbd'
374,Author,Author_Sex_Index,6452 1,949 3291,1 3291,b'\x03\t\x02\x0b\xbb'
375,Author,Author_Sex_Index,6452 1,949 4114,1 4114,b'\x03\t\x02\x10;'
376,Author,Author_Sex_Index,6452 1,949 4937,1 4937,b'\x03\t\x02\x14]'
377,Author,Author_Sex_Index,6452 1,949 5760,1 5760,b'\x03\t\x02\x18m'
378,Author,Author_Sex_Index,6452 1,949 6583,1 6583,b'\x03\t\x02\x1c|'
379,NBERCorr,sqlite_autoindex_NBERCorr_1,1 1 1,233 233 233,233 233 233,b'\x04\x19\x02\x02w10963\x0f\xed\x07\x0e'
380,NBERCorr,sqlite_autoindex_NBERCorr_1,1 1 1,295 295 295,295 295 295,b'\x04\x19\x02\x02w11550\x18@\x03\xf2'
381,NBERCorr,sqlite_autoindex_NBERCorr_1,1 1 1,467 467 467,467 467 467,b'\x04\x19\x02\x02w13206\x12J\x02\x01'
382,NBERCorr,sqlite_autoindex_NBERCorr_1,1 1 1,493 493 493,493 493 493,b'\x04\x19\x02\x02w13373\x15\x9f\x03\x07'
383,NBERCorr,sqlite_autoindex_NBERCorr_1,1 1 1,593 593 593,593 593 593,b'\x04\x19\x02\x02w14316\x14o\x02\x9d'
384,NBERCorr,sqlite_autoindex_NBERCorr_1,1 1 1,701 701 701,701 701 701,b'\x04\x19\x02\x02w15158!\x94\x05\x80'
385,NBERCorr,sqlite_autoindex_NBERCorr_1,1 1 1,825 825 825,825 825 825,b'\x04\x19\x02\x02w16388%\xa9\x088'
386,NBERCorr,sqlite_autoindex_NBERCorr_1,1 1 1,838 838 838,838 838 838,b'\x04\x19\x02\x02w16516!\x84\x07*'
387,NBERCorr,sqlite_autoindex_NBERCorr_1,1 1 1,880 880 880,880 880 880,b'\x04\x19\x02\x02w16908\x14\x07\x02\x89'
388,NBERCorr,sqlite_autoindex_NBERCorr_1,1 1 1,889 889 889,889 889 889,b'\x04\x19\x02\x02w16988\x16_\x03A'
389,NBERCorr,sqlite_autoindex_NBERCorr_1,1 1 1,935 935 935,935 935 935,b'\x04\x19\x02\x02w17438\x16\xc0\x03g'
390,NBERCorr,sqlite_autoindex_NBERCorr_1,1 1 1,941 941 941,941 941 941,b'\x04\x19\x02\x02w17496\x175\x03}'
391,NBERCorr,sqlite_autoindex_NBERCorr_1,1 1 1,1016 1016 1016,1016 1016 1016,b'\x04\x19\x02\x02w18163 .\x071'
392,NBERCorr,sqlite_autoindex_NBERCorr_1,1 1 1,1169 1169 1169,1169 1169 1169,b'\x04\x19\x02\x02w19441%\x83\x06z'
393,NBERCorr,sqlite_autoindex_NBERCorr_1,1 1 1,1273 1273 1273,1273 1273 1273,"b'\x04\x17\x02\x02w2217\x1f\x8f\x05""'"
394,NBERCorr,sqlite_autoindex_NBERCorr_1,1 1 1,1403 1403 1403,1403 1403 1403,b'\x04\x17\x02\x02w3326\x01O\x06\xdf'
395,NBERCorr,sqlite_autoindex_NBERCorr_1,1 1 1,1595 1595 1595,1595 1595 1595,b'\x04\x17\x02\x02w4861\n\xd5\x05F'
396,NBERCorr,sqlite_autoindex_NBERCorr_1,1 1 1,1599 1599 1599,1599 1599 1599,b'\x04\x17\x02\x02w4912\ng\x04\xdd'
397,NBERCorr,sqlite_autoindex_NBERCorr_1,1 1 1,1637 1637 1637,1637 1637 1637,b'\x04\x17\x02\x02w5227\x1f\xdb\x05/'
398,NBERCorr,sqlite_autoindex_NBERCorr_1,1 1 1,1706 1706 1706,1706 1706 1706,b'\x04\x17\x02\x02w5888\x11s\x01\x9c'
399,NBERCorr,sqlite_autoindex_NBERCorr_1,1 1 1,1800 1800 1800,1800 1800 1800,b'\x04\x17\x02\x02w6832\x10T\x01?'
400,NBERCorr,sqlite_autoindex_NBERCorr_1,1 1 1,1871 1871 1871,1871 1871 1871,b'\x04\x17\x02\x02w7655\x10r\x01K'
401,NBERCorr,sqlite_autoindex_NBERCorr_1,1 1 1,2036 2036 2036,2036 2036 2036,b'\x04\x17\x02\x02w9269\r\x92\x06/'
402,NBERCorr,sqlite_autoindex_NBERCorr_1,1 1 1,2079 2079 2079,2079 2079 2079,b'\x04\x17\x02\x02w9759\x10\xcc\x063'
403,JEL,sqlite_autoindex_JEL_1,22 1 1,689 691 691,392 691 691,b'\x04\x02\x13\x02\t^D13\x1ek'
404,JEL,sqlite_autoindex_JEL_1,17 1 1,725 737 737,397 737 737,b'\x04\x02\x13\x02\tcI18\x1e\x9a'
405,JEL,sqlite_autoindex_JEL_1,17 1 1,799 807 807,405 807 807,b'\x04\x02\x13\x02\tmD44\x1e\xdf'
406,JEL,sqlite_autoindex_JEL_1,14 1 1,867 878 878,413 878 878,"b'\x04\x02\x13\x02\tvO41\x1f""'"
407,JEL,sqlite_autoindex_JEL_1,14 1 1,922 925 925,422 925 925,b'\x04\x02\x13\x02\t\x7fE65\x1fT'
408,JEL,sqlite_autoindex_JEL_1,17 1 1,949 961 961,424 961 961,b'\x04\x02\x13\x02\t\x81D91\x1fy'
409,JEL,sqlite_autoindex_JEL_1,21 1 1,967 967 967,426 967 967,b'\x04\x02\x13\x02\t\x83D11\x1f\x7f'
410,JEL,sqlite_autoindex_JEL_1,38 1 1,1038 1051 1051,434 1051 1051,b'\x04\x02\x13\x02\t\x8bD44\x1f\xda'
411,JEL,sqlite_autoindex_JEL_1,18 1 1,1089 1098 1098,436 1098 1098,b'\x04\x02\x13\x02\t\x8dL11 \x00'
412,JEL,sqlite_autoindex_JEL_1,14 1 1,1135 1147 1147,440 1147 1147,b'\x04\x02\x13\x02\t\x91O18 4'
413,JEL,sqlite_autoindex_JEL_1,16 1 1,1149 1149 1149,441 1149 1149,b'\x04\x02\x13\x02\t\x92E24 :'
414,JEL,sqlite_autoindex_JEL_1,30 1 1,1223 1249 1249,451 1249 1249,b'\x04\x02\x13\x02\t\x9cJ42 \x9a'
415,JEL,sqlite_autoindex_JEL_1,24 1 1,1253 1255 1255,452 1255 1255,b'\x04\x02\x13\x02\t\x9dE61 \xa9'
416,JEL,sqlite_autoindex_JEL_1,17 1 1,1316 1328 1328,457 1328 1328,b'\x04\x02\x13\x02\t\xa2D84 \xe4'
417,JEL,sqlite_autoindex_JEL_1,26 1 1,1333 1351 1351,458 1351 1351,b'\x04\x02\x13\x02\t\xa3D84!\x05'
418,JEL,sqlite_autoindex_JEL_1,4 1 1,1975 1977 1977,706 1977 1977,b'\x04\x02\x13\x02\n\x9bH73#k'
419,JEL,sqlite_autoindex_JEL_1,3 1 1,3955 3955 3955,1427 3955 3955,b'\x04\x02\x13\x02\rlD12*\xa1'
420,JEL,sqlite_autoindex_JEL_1,16 1 1,5131 5133 5133,1663 5133 5133,b'\x04\x02\x13\x02\x0eXD24\x02:'
421,JEL,sqlite_autoindex_JEL_1,3 1 1,5932 5933 5933,2050 5933 5933,b'\x04\x02\x13\x02\x0f\xdbC2332'
422,JEL,sqlite_autoindex_JEL_1,4 1 1,7908 7911 7911,2781 7911 7911,b'\x04\x02\x13\x02\x12\xb6F41\x03\x9d'
423,JEL,sqlite_autoindex_JEL_1,5 1 1,9886 9889 9889,3347 9889 9889,b'\x04\x02\x13\x02\x14\xecO43\x0b%'
424,JEL,sqlite_autoindex_JEL_1,4 1 1,11865 11867 11867,3846 11867 11867,b'\x04\x02\x13\x02\x16\xdfE44\x12\xdf'
425,JEL,sqlite_autoindex_JEL_1,3 1 1,13844 13845 13845,4438 13845 13845,b'\x04\x02\x13\x02\x1dfE249\xbb'
426,JEL,sqlite_autoindex_JEL_1,2 1 1,15822 15823 15823,5282 15823 15823,b'\x04\x02\x13\x02!?E135\xf0'
